URL,Video ID,Title,Channel,Views,Likes,Comments,Duration (seconds),Status
"https://youtube.com/shorts/tDADgC9ROyM?si=rFq9L9RMaisfkPMD",tDADgC9ROyM,"Go n check this trick!!!!🤯🤯","Riya Riu",1241,16,0,50,success
"https://youtube.com/shorts/p-tPhiviEGQ?si=wXHBvy62y4b1HrYJ",p-tPhiviEGQ,"@BuyHatke","Kulsum",1035,12,0,28,success
"https://youtube.com/shorts/IeDFf7TJHbM?si=J2t26cAV_pk1Yyiz",IeDFf7TJHbM,"Check out buyhatke now ❤️ #shorts #shortvideo","Sam Gehlawat Vlogs",715,0,0,26,success
"https://youtube.com/shorts/xwGu7LdpPkI?si=WEy7UBFKqTpAqNi8",xwGu7LdpPkI,"Download now @BuyHatke 💸","Ketan Meerani",1080,23,0,50,success
"https://youtube.com/shorts/p8pxHgUE5mA?si=LN8hr3iOtXNN4J_P",p8pxHgUE5mA,"Visit buyhatke 💀 #buyhatke #influencercollab","Sarthak Bassi",69,0,0,54,success
"https://youtube.com/shorts/apADcRErzNk?si=ql3tq_pyKSowwQ9I",apADcRErzNk,"Go and check this crazy website buyhatke. #shorts #shortvideo #viral","Mehak",851,19,0,48,success
"https://youtube.com/shorts/0a_IpYHkaTg?si=dEfI1kaK9qpDLNpG",0a_IpYHkaTg,"Go and check out BuyHatke for more amazing features🤩.#cabs #viral #travel #trending","Aakshi",212,4,0,30,success
"https://youtube.com/shorts/OiYSpWI6GTg?si=3rYvrRRRR2-kEh7Q",OiYSpWI6GTg,"Compare ur taxi ride using buyhatke.com ✨🤯 #shopping #online #viral","Nisha Singh Rathore",792,7,1,33,success
"https://youtube.com/shorts/nU2fhaTsYKw?si=n2-OnnG1v3EfnNvp",nU2fhaTsYKw,"Good and check this feature on buyhatke now #shortvideo #viral","Mehak",215,1,0,66,success
"https://youtube.com/shorts/sPdMhpV9of4?si=ptcWU8l74P1Dby8Z",sPdMhpV9of4,"Hack I didn't know would work #onlineshopping #shoppinghacks #money #amazon","Anushka Sharma",421,9,0,44,success
"https://youtube.com/shorts/854HG-J1JBY?si=MPiqrPo0U04R-dTN",854HG-J1JBY,"Thank me later #hack #savemoney #iit #shopping #trick","Vrinda Chhabra",1045,23,0,46,success
"https://youtube.com/shorts/hWskm7S_bl8?si=mLQgWKlKRsRHLSNA",hWskm7S_bl8,"Mumma approved this hack 😭 thanks @BuyHatke","Bass Yuhii",1074,19,3,32,success
"https://youtube.com/shorts/ExjtwpyBRlk?si=tISoDQvibU_YHU8s",ExjtwpyBRlk,"Buy hatke 👏🏼 #viral #ytshorts #buyhatke","Ravleen Kaur",709,6,0,28,success
"https://youtube.com/shorts/0wFWYIIzudo?si=2INmCqLTXSpA9RcZ",0wFWYIIzudo,"@BuyHatke  Download it from app store & play store rn!","UNIX TV",1147,11,2,18,success
"https://youtube.com/shorts/ds4qOVc1rgo?si=xYNUEKFi3bplYPtM",ds4qOVc1rgo,"February 20, 2026","Harman Sparks",995,19,0,42,success
"https://youtube.com/shorts/vzGk6P95Vfo?si=hBxbDHwYx5t0wuqr",vzGk6P95Vfo,"Download buyhatke app now. #hack #tricks #groceryshopping #blinkit","Sparsh Goel",1203,12,0,13,success
"https://youtube.com/shorts/hmqwI7Uu-PM?si=t9Esdt7xMLJN5zPs",hmqwI7Uu-PM,"Tricks","Creatorsingh ",996,0,0,49,success
"https://youtube.com/shorts/idyC7QenOD4?si=eVMeqbd9pmO_T2Ao",idyC7QenOD4,"#amazing #buy #minivlog #buyhatke #discount #comedy #onlineshopping #memes","Kaleshi Biharan",1115,6,0,42,success
"https://youtube.com/shorts/yivYzdkrkC0?si=fWEbtuotDPnvmr3Q",yivYzdkrkC0,"#amazing #funny #buy #minivlog #buyhatke #comedy #discount #onlineshopping #memes","Kaleshi Biharan",191,2,0,22,success
"https://youtube.com/shorts/CakwI591FLk?si=q8sThADLSNE21-7s",CakwI591FLk,"Buy from buyhatke 🫡🫶🏻","Tanishka Sood",1204,13,1,43,success
"https://youtube.com/shorts/Idok52dlQ_A?si=ovoWxcW7qhTRbd3g",Idok52dlQ_A,"Stop overpaying online just do BuyHatke and save your money.#viral #trending","Ayush Pal",1067,30,0,42,success
"https://youtube.com/shorts/r3BwIh7XDqY?si=aHdAACGSildutidZ",r3BwIh7XDqY,"Earning history revealed!!😜 #funny #buyhatke #realwaystomakemoneyfromhome","SHIVANG TV",147,0,0,20,success
"https://youtube.com/shorts/Be64fjoRbU0?si=yPTmZ64hS6WVGRon",Be64fjoRbU0,"Go and check this🙌...#buyhatke #viral #shorts","Neha kohli",906,19,0,37,success
"https://youtube.com/shorts/ZQ7gfMfXzhU?si=cN7gXDMwpuY0Lxqm",ZQ7gfMfXzhU,"Just check this feature 🤯.                        #reels #shortvideo #viralshorts","Ayush Pal",766,9,1,43,success
"https://youtube.com/shorts/uZCUNertG24?si=X5Bto84J1xJS_IOz",uZCUNertG24,"buy groceries smartly #collab #shopping #share","satyz shorts",891,3,0,28,success
"https://youtube.com/shorts/UVd0-CTgzKg?si=DjHFLr-Cx6MZJ8O_",UVd0-CTgzKg,"Comment app #shorts #knowledge","Creatorsingh ",577,0,0,34,success
"https://youtube.com/shorts/sFfiOTMS-Ic?si=2_Tl4ld5GsSauzSR",sFfiOTMS-Ic,"Download buyhatke now","Harman Sparks",481,8,0,53,success
"https://youtube.com/shorts/KmWu0kq0UdI?si=7dtyuetQYtwIGegj",KmWu0kq0UdI,"Use buyhatke 🫶🏻💗 #viralvideo","Tanishka Sood",156,2,1,33,success
"https://youtube.com/shorts/ITsAcFz9bPQ?si=kVjIbYjI6IK2b0Y7",ITsAcFz9bPQ,"crazy hack told by dhruvee rathee #reels #shortvideo","Ayush Pal",509,9,0,30,success
"https://youtube.com/shorts/3XKgMErMZ20?si=Y8HNq-3FkUe9WoC2",3XKgMErMZ20,"Do try this!!","Shannayayayaya",1241,19,0,35,success
"https://youtube.com/shorts/1K75bhQPLY4?si=_r21jQU0oY5SomE9",1K75bhQPLY4,"Try it yourself🤯 #hack #informative #adidas #onlineshopping #shoes","Sparsh Goel",875,13,0,38,success
"https://youtube.com/shorts/tsP-Le7Ucng?si=MBRC4QhZ2Y64Q2cK",tsP-Le7Ucng,"#amazing #funny #buy #buyhatke #comedy #discount #amazon #onlineshopping #meesho #minivlog","Kaleshi Biharan",1208,5,0,24,success
"https://youtube.com/shorts/bnl1VXioa54?si=1QMm7gZL6eGMZrNe",bnl1VXioa54,"Use buyhatke now","Harman Sparks",24,3,0,57,success
"https://youtube.com/shorts/IKVxqu5PAec?si=1B7u8HS2jGe1qgiJ",IKVxqu5PAec,"#amazing #funny #buy #minivlog #buyhatke #comedy #discount #amazon #onlineshopping #meesho","Kaleshi Biharan",415,3,0,35,success
"https://youtube.com/shorts/VhfAD7H2An0?si=YtrYhJvl6KJJ33oC",VhfAD7H2An0,"Comment “CAB” for the website 🔗 #explore","Suhani chauhan",1068,7,1,39,success
"https://youtube.com/shorts/w4wb00RHN9U?si=TpDVrjJWKBW1wMD0",w4wb00RHN9U,"#explore","Suhani chauhan",1276,13,0,30,success
